{
  "artifact": "/Users/vadimalekseenko/GitHub/hotdog/ml/artifacts/resnet50_v1_20260519.pt",
  "model_version": "resnet50_v1_20260519",
  "backbone": "resnet50",
  "artifact_threshold": 0.39,
  "splits": {
    "val": {
      "top1": 0.918918918918919,
      "top3": 0.9594594594594594,
      "macro_f1_all_classes": 0.739887482298743,
      "macro_f1_present_only": 0.8598692361850258,
      "weighted_f1": 0.9127670456617826,
      "n_samples": 296,
      "n_classes_present": 37,
      "n_classes_total": 43
    },
    "test": {
      "top1": 0.9134808853118712,
      "top3": 0.9770623742454728,
      "macro_f1_all_classes": 0.8685522528445835,
      "macro_f1_present_only": 0.8685522528445835,
      "weighted_f1": 0.9084943793072194,
      "n_samples": 2485,
      "n_classes_present": 43,
      "n_classes_total": 43
    },
    "ood_iconic": {
      "top1": 0.7407407407407407,
      "top3": 0.8518518518518519,
      "macro_f1_all_classes": 0.6083823153590595,
      "macro_f1_present_only": 0.6083823153590595,
      "weighted_f1": 0.699335232668566,
      "n_samples": 81,
      "n_classes_present": 43,
      "n_classes_total": 43
    },
    "own_mini": {
      "top1": 0.3076923076923077,
      "top3": 0.6153846153846154,
      "macro_f1_all_classes": 0.04996476391825229,
      "macro_f1_present_only": 0.35808080808080806,
      "weighted_f1": 0.3490675990675991,
      "n_samples": 26,
      "n_classes_present": 6,
      "n_classes_total": 43
    }
  }
}